run_id,age_ldg1,age_ldg2,aids_age_1,aids_age_2,all_reb_in,alp_cov_no,alp_sub_fd,annadv_ind,b_freq_cd,ben_cnt_pp,ben_cnt_pu,bi_esc_cd,bi_esc_frq,bi_esc_max,bi_esc_mnf,bi_esc_mxf,bi_esc_pct,bi_esc_smt,bi_esc_tbl,bo_esc_cd,bo_esc_frq,bo_esc_max,bo_esc_mnf,bo_esc_mxf,bo_esc_pct,bo_esc_smt,bo_esc_tbl,bonus_yr,ca_def_wks,cess_ret_i,ch_r_fx_pf,co_mnm,conv_opt_i,cur_sb_prm,cx_max_trm,dth_ben_pp,dth_ben_pu,entry_date,exp_cnt_pp,exp_cnt_pu,fst_bp_dur,fund_name,gaap_acc_i,gaap_chort,gaap_era,gao_flag,gcf_flag,gmp_flag,gmp_po88,gmp_pr88,group,group_in,gtee_term,in_clm_cd,inalw_earn,inalw_indm,inc_opt_in,ini_tx_prm,init_benf,iso_crn_cd,iso_cty_cd,iss_age_1,iss_age_2,l1_mo_rt_p,l2_mo_rt_p,life_cd,lives_ass,min_benf_m,mv_plan_cd,nxtben_inc,ori_pol_id,orig_term,pen_amt_pp,pen_amt_pu,pol_cnt_pp,pol_cnt_pu,pol_id,pol_sta_cd,pr_esc_cd,pr_esc_frq,pr_esc_max,pr_esc_mnf,pr_esc_mxf,pr_esc_pct,pr_esc_smt,pr_esc_tbl,pr_freq_cd,pr_orig_tm,prem_extra,prem_std,prm_series,product,redndth1pc,ren_opt_in,s32_enhan,sched_pres,sex_cd_1,sex_cd_2,smok_hab1,smok_hab2,stat_date,tty_id,v_dur_mths,val_cl_cd,any_spouse,orig_v_trm,overlap,admin_fee,all_sch_po,ben_e_age1,ben_e_age2,ben_sch_po,bo_esc_spa,ci_cd,clm_amnt_a,comm_ic_n,comm_ic_pc,group_grf,grp_schm,ip_ben_1,ip_ben_2,max_ben_m1,max_ben_m2,mort_add,occ_cd1,occ_cd2,plan,pol_fee,pr_seg,prem_disc,prev_term,reins_prem,re_ot_prop,re_ot_rb_p,re_rp_amt,re_rp_prop,recordno,rider_ip,rp_factor1,rp_factor2,rp_factor3,rp_factor4,rp_factor5,rp_factor6,rp_factor7,rp_factor8,rp_factor9,sa_gross,smok_rtecd,v_dur_benf,valn_month,valn_year,dth_ben_of,ip_ben_of1,ip_ben_of2,prm_amnt_a,ci_rstmt,sa_disc_pc,bmi_discpc,tpd_defn,bi_opt_ind,l1_add_rp,mental_ind,incclm_opt,sup_lk_ind,abo_ind,cio_ind,occ_cd1_t2,agrd_indty,dta_term,pr_xtra_pc,pr_disc_pc,stat_life1,stat_life2,susp_per_1,susp_per_2,ann_tot_pr,model_segment_cd,model_cd,sl_ind,pr_ad_mult,cb_from_date,cb_to_date
,0,,51.21,,,6125948-DTH,0,0,0,1,0,0,0,0,0,0,0,0,0,C,12,0,0,0,0.05,0,0,0,0,C,0,AUS,0,0,0,1885649,0,20120113,1,0,0,CNP,P,GAAP_CNP,62011,0,0,0,0,0,,0,9999,N,0,0,0,0,0,AUD,AUS,51.21,,1.5,,S,1,0,O_TERM_DEATH_I2555068AU-25,0,6125948-DTH,576,0,0,1,0,,PREM-PAY,0,0,0,0,0,0,0,0,M,576,40116.6,26744.4,0,CNP,0,0,0,N,M,,N,,0,A1,157,0,0,,0,0,,0,0,0,,1,0,0,0,,0,0,0,0,0,0,,,TERM_DEATH,0,300579138,0,0,,0,0,0,0,16377,0,MED,N,N,N,N,N,N,N,N,0,0,157,12,2025,1885649,0,0,0,N,1,1,,N,0,N,N,N,N,N,,N,,,0,-,,0,0,,,AU_DIR_LS,0,0,10101,10101
,0,,26.82,,,3187663-DTH,0,0,0,1,0,0,0,0,0,0,0,0,0,C,12,0,0,0,0.05,0,0,0,0,C,0,AUS,0,0,0,3438021,0,20081111,1,0,0,CNP,P,GAAP_CNP,62011,0,0,0,0,0,,0,9999,N,0,0,0,0,0,AUD,AUS,26.82,,0,,S,1,0,O_TERM_DEATH_I2555068AU-25,0,3187663-DTH,876,0,0,1,0,,PREM-PAY,0,0,0,0,0,0,0,0,F,876,0,3266.9,0,CNP,0,0,0,N,F,,N,,0,A1,204,0,0,,0,0,,0,0,0,,1,0,0,0,,0,0,0,0,0,0,,,TERM_DEATH,0,300579138,0,0,,0,0,0,0,171,0,MED,N,N,N,N,N,N,N,N,0,0,204,12,2025,3438021,0,0,0,N,1,1,,N,0,N,N,N,N,N,,N,,,0,-,,0,0,,,AU_DIR_LS,0,0,10101,10101
,0,,51.42,,,7718395-TPD,0,0,0,1,0,0,0,0,0,0,0,0,0,C,12,0,0,0,0.05,0,0,0,0,C,0,AUS,0,0,0,1346895,0,20130423,1,0,0,CNP,P,GAAP_CNP,62011,0,0,0,0,0,,0,9999,N,0,0,0,0,0,AUD,AUS,51.42,,0,,S,1,0,O_CISTAL_TLPMDS_I2555068AU-25,0,7718395-TPD,168,0,0,1,0,,PREM-PAY,0,0,0,0,0,0,0,0,M,168,0,24731.76,0,CNP,0,0,0,N,M,,N,,0,A1,145,0,0,,0,0,,0,0,0,,1,0,0,0,,0,0,0,0,0,0,2A,,CISTAL_TLPMDS,0,300579139,0,0,,0,0,0,0,21449,0,MED,N,N,N,N,N,N,N,N,0,0,145,12,2025,1346895,0,0,0,N,1,1,,N,0,N,N,N,N,N,2,N,,,0,-,,0,0,,,AU_DIR_LS,0,0,10101,10101
,0,,43.81,,,4803279-TRA,0,0,0,1,0,0,0,0,0,0,0,0,0,C,12,0,0,0,0.05,0,0,0,0,C,0,AUS,0,0,0,519732,0,20100806,1,0,0,CNP,P,GAAP_CNP,62011,0,0,0,0,0,,0,9999,N,0,0,0,0,0,AUD,AUS,43.81,,0,,S,1,0,O_CIACCC_CIACCL_I2555068AU-25,0,4803279-TRA,264,0,0,1,0,,PREM-PAY,0,0,0,0,0,0,0,0,F,264,0,20241.52,0,CNP,0,0,0,N,M,,N,,0,A1,180,0,0,,0,0,,0,0,0,,1,0,0,0,,0,0,0,0,0,0,,,CIACCC_CIACCL,0,300579140,0,0,,0,0,0,0,10346,0,MED,N,N,N,N,N,N,N,N,0,0,180,12,2025,519732,0,0,0,N,1,1,,N,0,N,N,N,N,N,,N,,,0,-,,0,0,,,AU_DIR_LS,0,0,10101,10101
,0,,39.24,,,3680067-ADB,0,0,0,1,0,0,0,0,0,0,0,0,0,C,12,0,0,0,0.05,0,0,0,0,C,0,AUS,0,0,0,3274310,0,20090901,1,0,0,CNP,P,GAAP_CNP,62011,0,0,0,0,0,,0,9999,N,0,0,0,0,0,AUD,AUS,39.24,,0,,S,1,0,O_ACDDTH_ACEDTH_I2555068AU-25,0,3680067-ADB,432,0,0,1,0,,PREM-PAY,0,0,0,0,0,0,0,0,M,432,0,3898.68,0,CNP,0,0,0,N,F,,N,,0,A1,192,0,0,,0,0,,0,0,0,,1,0,0,0,,0,0,0,0,0,0,,,ACDDTH_ACEDTH,0,300579142,0,0,,0,0,0,0,4986,0,MED,N,N,N,N,N,N,N,N,0,0,192,12,2025,3274310,0,0,0,N,1,1,,N,0,N,N,N,N,N,,N,,,0,-,,0,0,,,AU_DIR_LS,0,0,10101,10101
,0,,39.3,,,6178577-TPD,0,0,0,1,0,0,0,0,0,0,0,0,0,C,12,0,0,0,0.05,0,0,0,0,C,0,AUS,0,0,0,1979931,0,20111230,1,0,0,CNP,P,GAAP_CNP,62011,0,0,0,0,0,,0,9999,N,0,0,0,0,0,AUD,AUS,39.3,,0,,S,1,0,O_CIACCC_TLPMDS_I2555068AU-25,0,6178577-TPD,312,0,0,1,0,,PREM-PAY,0,0,0,0,0,0,0,0,F,312,0,13350.74,0,CNP,0,0,0,N,M,,N,,0,A1,168,0,0,,0,0,,0,0,0,,1,0,0,0,,0,0,0,0,0,0,2A,,CIACCC_TLPMDS,0,300579134,0,0,,0,0,0,0,26313,0,WOW,N,N,N,N,N,N,N,N,0,0,168,12,2025,1979931,0,0,0,N,1,1,,N,0,N,N,N,N,N,2,N,,,0,-,,0,0,,,AU_DIR_LS,0,0,10101,10101
,0,,5.2,,,15168968-CCP,0,0,0,1,0,0,0,0,0,0,0,0,0,C,12,0,0,0,0.05,0,0,0,0,C,0,AUS,0,0,0,50000,0,20140319,1,0,0,CNP,P,GAAP_CNP,62011,0,0,0,0,0,,0,9999,N,0,0,0,0,0,AUD,AUS,5.2,,0,,S,1,0,O_CIACCC_DEATH_I2555068AU-25,0,15168968-CCP,192,0,0,1,0,,PREM-PAY,0,0,0,0,0,0,0,0,M,192,0,56.04,0,CNP,0,0,0,N,F,,N,,0,A1,133,0,0,,0,0,,0,0,0,,1,0,0,0,,0,0,0,0,0,0,,,CIACCC_DEATH,0,300579133,0,0,,0,0,0,0,28856,0,WOW,N,N,N,N,N,N,N,N,0,0,133,12,2025,50000,0,0,0,N,1,1,,N,0,N,N,N,N,N,,N,,,0,-,,0,0,,,AU_DIR_LS,0,0,10101,10101
,0,,53.65,,,4457832-DTH,0,0,0,1,0,0,0,0,0,0,0,0,0,C,12,0,0,0,0.05,0,0,0,0,C,0,AUS,0,0,0,1039460,0,20100419,1,0,0,CNP,P,GAAP_CNP,62011,0,0,0,0,0,,0,9999,N,0,0,0,0,0,AUD,AUS,53.65,,0,,S,1,0,O_TERM_DEATH_I2555068AU-25,0,4457832-DTH,552,0,0,1,0,,PREM-PAY,0,0,0,0,0,0,0,0,M,552,0,37996.56,0,CNP,0,0,0,N,M,,Y,,0,A1,181,0,0,,0,0,,0,0,0,,1,0,0,0,,0,0,0,0,0,0,,,TERM_DEATH,0,300579138,0,0,,0,0,0,0,8659,0,MED,N,N,N,N,N,N,N,N,0,0,181,12,2025,1039460,0,0,0,N,1,1,,N,0,N,N,N,N,N,,N,,,0,-,,0,0,,,AU_DIR_LS,0,0,10101,10101
,0,,52.2,,,4386776-DTH,0,0,0,1,0,0,0,0,0,0,0,0,0,C,12,0,0,0,0.05,0,0,0,0,C,0,AUS,0,0,0,2078928,0,20100419,1,0,0,CNP,P,GAAP_CNP,62011,0,0,0,0,0,,0,9999,N,0,0,0,0,0,AUD,AUS,52.2,,0.5,,S,1,0,O_TERM_DEATH_I2555068AU-25,0,4386776-DTH,564,0,0,1,0,,PREM-PAY,0,0,0,0,0,0,0,0,F,564,21820.24,43640.48,0,CNP,0,0,0,N,M,,N,,0,A1,181,0,0,,0,0,,0,0,0,,1,0,0,0,,0,0,0,0,0,0,,,TERM_DEATH,0,300579138,0,0,,0,0,0,0,8593,0,MED,N,N,N,N,N,N,N,N,0,0,181,12,2025,2078928,0,0,0,N,1,1,,N,0,N,N,N,N,N,,N,,,0,-,,0,0,,,AU_DIR_LS,0,0,10101,10101
,0,,25.91,,,3537390-DTH,0,0,0,1,0,0,0,0,0,0,0,0,0,C,12,0,0,0,0.05,0,0,0,0,C,0,AUS,0,0,0,3274310,0,20090626,1,0,0,CNP,P,GAAP_CNP,62011,0,0,0,0,0,,0,9999,N,0,0,0,0,0,AUD,AUS,25.91,,0,,S,1,0,O_TERM_DEATH_I2555068AU-25,0,3537390-DTH,888,0,0,1,0,,PREM-PAY,0,0,0,0,0,0,0,0,M,888,0,3553.08,0,CNP,0,0,0,N,M,,N,,0,A1,193,0,0,,0,0,,0,0,0,,1,0,0,0,,0,0,0,0,0,0,,,TERM_DEATH,0,300579138,0,0,,0,0,0,0,3652,0,MED,N,N,N,N,N,N,N,N,0,0,193,12,2025,3274310,0,0,0,N,1,1,,N,0,N,N,N,N,N,,N,,,0,-,,0,0,,,AU_DIR_LS,0,0,10101,10101
