alp_cov_no,Insurer,Brand,Policy_no,Product_code,Policy_StartDate,Business_Class,Policy_Issued,Identity_no,Plan_Type,Relationship,DateofBirth,Sex,Smoker,Policy_Status,Risk_Status,Risk_Sequence,Risk_Type,Risk_StartDate,Risk_StatusDate,Loading_Net,PremiumLoad_Dollar,PremiumLoad_Duration,Customer_discount,SumInsured,SumReinsured,AnnualPremium,PremiumFrequency,FrequencyPremium,PaymentMethod,ClaimIndicator,AgeAtEntry,OccupationCode,Exclusion_Indicator,StaffDiscount,CPI_Flag,Termination_Date,Termination_Code,Policy_Count,Sort_Seq,AsAtDate,Id_Count,JointLife,Premium_PercentCode,MPL_commission,Waiting_period,Benefit_period,CommissionSplitVersion,Policy_AcceptanceDate,dtmOriginalBenefitStart,Validation_Key,Calculated_Age
20000001-TRA,ABC ltd,Y,510822938,MTL,3/3/2010,O,Y,20000001,S,MAIN,2/26/1956,F,N,6,1,1,TRA,3/3/2025,2/20/2026,0,0,0,0.1,1823833,"1,823,833","80,268",M,6705.85,DD,,54,,N,Y,Y,10/18/2025,C,1.0,10,12/31/2025,,N,MTL_TRA_1,1361.73,0,0,,2/21/2010,3/3/2010,20000001-TRA,54.23
20000002-DTH,ABC ltd,Z,510098129,WLI,12/21/2007,O,Y,20000002,S,MAIN,1/23/1961,M,N,1,1,1,DTH,12/21/2025,12/7/2026,0,0,0,0.1,1282607,"1,282,607","22,661",M,1868.54,DD,,47,,N,,Y,,,1.0,10,12/31/2025,1.0,N,WLI_DTH_1,385.54,0,0,1.0,12/17/2007,12/21/2007,20000002-DTH,47.18
20000003-DTH,ABC ltd,Y,510459456,WLI,9/8/2011,O,Y,20000003,S,MAIN,7/3/1961,M,N,1,1,1,DTH,9/8/2025,3/3/2026,25,0,0,0.1,1196314,"1,196,314","16,169",M,1365.5,DD,,50,,N,,Y,,,1.0,10,12/31/2025,1.0,N,WLI_DTH_1,246.57,0,0,1.0,9/8/2011,9/8/2011,20000003-DTH,50.1
20000004-DTH,ABC ltd,Y,510496129,MTL,7/22/2009,O,Y,20000004,S,MAIN,3/25/1973,F,N,1,1,1,DTH,7/22/2025,3/1/2026,0,0,0,0.0,1434028,"1,434,028","36,786",M,3007.67,DD,,36,,N,N,Y,,,1.0,10,12/31/2025,1.0,N,MTL_DTH_1,514.63,0,0,1.0,7/16/2009,7/22/2009,20000004-DTH,36.16
20000005-CCP,ABC ltd,Y,510020504,WLI,10/27/2015,O,Y,20000005,S,MAIN,12/23/1978,M,N,1,1,1,CCP,10/27/2025,7/24/2026,0,0,0,0.1,2550429,"2,550,429","7,789",M,639.23,,,37,,N,N,Y,,,1.0,10,12/31/2025,1.0,N,WLI_CCP_0,115.22,0,0,1.0,10/16/2015,10/27/2015,20000005-CCP,37.13
20000006-DTH,ABC ltd,Y,510588056,WLI,2/19/2012,O,Y,20000006,S,MAIN,5/25/1960,M,N,1,1,1,DTH,2/19/2025,3/5/2025,150,0,0,0.1,1195739,"1,195,739","33,064",F,1268.31,CC,,52,,N,N,Y,,,1.0,10,12/31/2025,1.0,N,WLI_DTH_1,273.51,0,0,1.0,2/5/2012,2/19/2012,20000006-DTH,52.52
20000007-DTH,ABC ltd,Z,510547255,MTL,7/4/2007,O,Y,20000007,S,MAIN,8/21/1963,M,N,1,1,1,DTH,7/4/2025,12/26/2025,0,0,0,0.1,676754,"676,754","15,633",M,1319.65,CC,,44,,N,Y,Y,,,1.0,10,12/31/2025,,N,MTL_DTH_1,272.61,0,0,1.0,6/29/2007,7/4/2007,20000007-DTH,44.51
20000008-DTH,ABC ltd,Z,510891784,WLI,6/27/2009,O,Y,20000008,S,MAIN,3/1/1973,F,N,1,1,1,DTH,6/27/2025,7/1/2025,0,0,0,0.1,18500000,"18,500,000","412,500",F,34375.0,DD,,36,,N,,Y,,,1.0,10,12/31/2025,,N,WLI_DTH_1,707.16,0,0,1.0,6/16/2009,6/27/2009,20000008-DTH,36.59
20000009-ADB,ABC ltd,Y,510501239,MAP,10/9/2015,O,Y,20000009,S,MAIN,6/18/1985,M,N,1,1,1,ADB,10/9/2025,3/10/2026,0,0,0,0.1,1553848,"1,553,848","2,447",M,201.18,CC,,30,,N,,Y,,,1.0,10,12/31/2025,1.0,N,MAP_F_1,40.58,0,0,,10/8/2015,10/9/2015,20000009-ADB,30.32
20000010-TPD,ABC ltd,Z,510933089,MTL,12/25/2012,O,Y,20000010,S,MAIN,12/27/1973,F,Y,6,1,1,TPD,12/25/2025,11/5/2025,25,0,0,0.1,1942549,"1,942,549","30,474",M,2506.53,DD,,39,A,N,Y,Y,2/17/2025,P,1.0,10,12/31/2025,1.0,N,MTL_TPD_1,416.8,0,0,1.0,12/14/2012,12/25/2012,20000010-TPD,39.42
20000011-DTH,ABC ltd,Y,510598960,WLI,4/13/2010,O,Y,20000011,S,MAIN,4/7/1991,F,N,1,1,1,DTH,4/13/2025,5/28/2025,0,0,0,0.1,837399,"837,399","20,456",F,775.18,DD,,19,,N,N,Y,,,1.0,10,12/31/2025,1.0,N,WLI_DTH_1,124.61,0,0,1.0,4/11/2010,4/13/2010,20000011-DTH,19.21
20000012-DTH,ABC ltd,Z,510875129,MTL,4/27/2014,O,Y,20000012,S,MAIN,4/26/1970,F,N,1,1,1,DTH,4/27/2025,1/4/2026,0,0,0,0.0,1143131,"1,143,131","13,468",M,1113.17,DD,,44,,N,,Y,,,,10,12/31/2025,1.0,N,MTL_DTH_1,171.02,0,0,1.0,4/15/2014,4/27/2014,20000012-DTH,44.93
20000013-ADB,ABC ltd,Y,510536531,MAP,10/20/2012,O,Y,20000013,S,MAIN,1/17/1971,F,N,1,1,1,ADB,10/20/2025,8/7/2026,0,0,0,0.1,1848801,"1,848,801","6,842",M,569.74,CC,,42,,N,,Y,,,1.0,10,12/31/2025,1.0,N,MAP_F_1,98.52,0,0,1.0,10/9/2012,10/20/2012,20000013-ADB,42.87
20000014-TPD,ABC ltd,Y,510523703,WLI,6/18/2009,O,Y,20000014,S,MAIN,8/29/1945,F,N,1,1,1,TPD,6/18/2025,3/26/2026,50,0,0,0.0,1444140,"1,444,140","22,636",M,1917.92,DD,,64,,N,N,Y,,,1.0,10,12/31/2025,1.0,N,WLI_TPD_1,416.42,0,0,1.0,6/4/2009,6/18/2009,20000014-TPD,64.77
20000015-CCP,ABC ltd,Y,510721503,WLI,7/17/2009,O,Y,20000015,S,MAIN,10/5/1976,M,N,1,1,1,CCP,7/17/2025,7/29/2025,0,0,0,0.1,3209290,"3,209,290","10,939",M,917.17,CC,,33,,Y,N,Y,,,1.0,10,12/31/2025,1.0,N,WLI_CCP_0,164.45,0,0,1.0,7/16/2009,7/17/2009,20000015-CCP,33.86
20000016-TRA,ABC ltd,Z,510479889,MTL,4/5/2009,O,Y,20000016,S,MAIN,12/16/1968,F,N,6,1,1,TRA,4/5/2025,4/7/2025,0,0,0,0.1,2946245,"2,946,245","97,355",M,8246.65,CC,,40,,N,,Y,5/22/2025,C,1.0,10,12/31/2025,1.0,N,MTL_TRA_1,1604.76,0,0,1.0,3/28/2009,4/5/2009,20000016-TRA,40.46
20000017-ADB,ABC ltd,Y,510863579,MAP,6/1/2009,O,Y,20000017,S,MAIN,7/19/1988,M,N,3,1,1,ADB,6/1/2025,11/7/2025,150,0,0,0.1,1978975,"1,978,975","3,599",F,141.74,DD,,21,,N,N,Y,12/2/2025,P,1.0,10,12/31/2025,1.0,N,MAP_F_1,22.68,0,0,,6/1/2009,6/1/2009,20000017-ADB,21.64
20000018-DTH,ABC ltd,Y,510086938,MTL,10/27/2015,O,Y,20000018,S,MAIN,12/29/1999,M,N,3,1,1,DTH,10/27/2025,12/28/2025,0,0,0,0.0,1170677,"1,170,677","29,755",F,1165.72,CC,,16,,N,,Y,11/13/2025,P,1.0,10,12/31/2025,1.0,N,MTL_DTH_1,234.8,0,0,1.0,10/15/2015,10/27/2015,20000018-DTH,16.93
20000019-TPD,ABC ltd,Y,510173954,WLI,11/13/2008,O,Y,20000019,S,MAIN,4/12/2022,M,N,1,1,1,TPD,11/13/2025,3/7/2026,0,0,0,0.0,750000,"750,000","12,203",F,470.72,CC,,3,,Y,,Y,,,1.0,10,12/31/2025,1.0,N,WLI_TPD_1,101.6,0,0,1.0,10/31/2008,11/13/2008,20000019-TPD,3.42
20000020-DTH,ABC ltd,Y,510590124,MTL,10/17/2009,O,Y,20000020,S,MAIN,11/11/1978,F,N,1,1,1,DTH,10/17/2025,5/14/2026,0,0,0,0.1,2020364,"2,020,364","37,090",M,3119.93,DD,,31,,N,,Y,,,1.0,10,12/31/2025,1.0,N,MTL_DTH_1,610.48,0,0,1.0,10/7/2009,10/17/2009,20000020-DTH,31.44
20000021-TPD,ABC ltd,Y,510504128,WLI,11/4/2012,O,Y,20000021,S,MAIN,7/26/1952,M,N,1,1,1,TPD,11/4/2025,9/1/2026,0,0,0,0.1,1547907,"1,547,907","27,519",M,2343.4,CC,,60,,N,,Y,,,1.0,10,12/31/2025,,N,WLI_TPD_1,473.34,0,0,1.0,10/29/2012,11/4/2012,20000021-TPD,60.19
20000022-TPD,ABC ltd,Z,510958053,MTL,1/27/2008,O,Y,20000022,S,MAIN,2/9/1974,F,N,1,1,1,TPD,1/27/2025,10/22/2025,0,0,0,0.1,1249649,"1,249,649","20,449",F,786.02,CC,,34,,N,N,Y,,,1.0,10,12/31/2025,1.0,N,MTL_TPD_1,172.39,0,0,1.0,1/19/2008,1/27/2008,20000022-TPD,34.12
20000023-TRA,ABC ltd,Y,510407399,MTL,4/5/2010,O,Y,20000023,S,MAIN,6/6/1973,M,N,1,1,1,TRA,4/5/2025,2/24/2026,0,0,0,0.1,2180189,"2,180,189","57,959",M,4851.7,CC,,37,,N,,Y,,,1.0,10,12/31/2025,1.0,N,MTL_TRA_1,747.49,0,0,1.0,3/26/2010,4/5/2010,20000023-TRA,37.81
20000024-TPD,ABC ltd,Y,510420847,WLI,11/9/2010,O,Y,20000024,S,MAIN,10/20/1970,F,N,6,1,1,TPD,11/9/2025,10/31/2025,0,0,0,0.1,857416,"857,416","11,991",M,984.51,DD,,40,,N,Y,Y,11/17/2025,C,1.0,10,12/31/2025,1.0,N,WLI_TPD_1,148.18,0,0,1.0,11/5/2010,11/9/2010,20000024-TPD,40.93
20000025-TPD,ABC ltd,Y,510782222,WLI,9/8/2011,O,Y,20000025,S,MAIN,5/20/1965,M,N,1,1,1,TPD,9/8/2025,3/31/2026,150,0,0,0.1,942664,"942,664","8,613",F,331.93,CC,,46,,N,,Y,,,1.0,10,12/31/2025,1.0,N,WLI_TPD_1,50.74,0,0,,8/27/2011,9/8/2011,20000025-TPD,46.93
20000026-DTH,ABC ltd,Y,510382436,MTL,7/22/2014,O,Y,20000026,S,MAIN,9/17/1981,M,N,1,1,1,DTH,7/22/2025,6/19/2026,0,0,0,0.1,2586324,"2,586,324","30,170",M,2470.01,DD,,33,,N,,Y,,,,10,12/31/2025,1.0,N,MTL_DTH_1,478.03,0,0,1.0,7/22/2014,7/22/2014,20000026-DTH,33.66
20000027-DTH,ABC ltd,Y,510638601,WLI,3/12/2009,O,Y,20000027,S,MAIN,12/19/1949,M,Y,6,1,1,DTH,3/12/2025,8/21/2025,0,0,0,0.1,6500000,"6,500,000","106,476",F,4094.6,DD,,59,,N,,Y,5/24/2025,P,1.0,10,12/31/2025,,N,WLI_DTH_1,653.41,0,0,1.0,3/8/2009,3/12/2009,20000027-DTH,59.59
20000028-DTH,ABC ltd,Y,510890981,MTL,5/3/2007,O,Y,20000028,S,MAIN,8/15/1968,F,N,6,1,1,DTH,5/3/2025,7/31/2025,0,0,0,0.1,2026476,"2,026,476","38,825",F,1489.04,DD,,39,,Y,,Y,3/26/2025,L,1.0,10,12/31/2025,1.0,N,MTL_DTH_1,300.73,0,0,1.0,4/20/2007,5/3/2007,20000028-DTH,39.27
20000029-DTH,ABC ltd,Y,510779767,MTL,7/7/2007,O,Y,20000029,S,MAIN,4/28/1960,M,N,6,1,1,DTH,7/7/2025,1/11/2026,0,0,0,0.1,2664069,"2,664,069","52,142",F,2033.0,CC,,47,,N,,Y,10/8/2025,L,,10,12/31/2025,1.0,N,MTL_DTH_1,310.05,0,0,1.0,6/30/2007,7/7/2007,20000029-DTH,47.27
20000030-DTH,ABC ltd,Y,510385119,WLI,1/24/2007,O,Y,20000030,S,MAIN,4/28/1951,M,N,1,1,1,DTH,1/24/2025,8/22/2025,0,0,0,0.0,3027307,"3,027,307","71,345",M,5916.31,DD,,56,,N,Y,Y,,,1.0,10,12/31/2025,1.0,N,WLI_DTH_1,1025.39,0,0,1.0,1/17/2007,1/24/2007,20000030-DTH,56.34
20000031-DTH,ABC ltd,Y,510706555,MTL,9/9/2011,O,Y,20000031,S,MAIN,11/9/1951,F,N,1,1,1,DTH,9/9/2025,8/10/2026,100,0,0,0.0,908045,"908,045","17,519",F,665.4,DD,,60,,N,Y,Y,,,1.0,10,12/31/2025,,N,MTL_DTH_1,126.32,0,0,1.0,8/31/2011,9/9/2011,20000031-DTH,60.82
20000032-TPD,ABC ltd,Y,510455002,MTL,4/7/2009,O,Y,20000032,S,MAIN,2/3/1945,M,N,1,1,1,TPD,4/7/2025,9/30/2025,0,0,0,0.1,5245884,"5,245,884","105,476",M,8971.24,DD,,79,A,N,,Y,,,1.0,10,12/31/2025,1.0,N,MTL_TPD_1,1357.64,0,0,1.0,4/3/2009,4/7/2009,20000032-TPD,79.88
20000033-ADB,ABC ltd,Y,510173770,MAP,2/19/2013,O,Y,20000033,S,MAIN,1/5/1971,F,N,1,1,1,ADB,2/19/2025,1/15/2025,0,0,0,0.1,1757408,"1,757,408","7,098",M,580.16,,,42,,Y,,Y,,,1.0,10,12/31/2025,1.0,N,MAP_F_1,89.08,0,0,1.0,2/5/2013,2/19/2013,20000033-ADB,42.07
20000034-TPD,ABC ltd,Y,510515067,WLI,8/17/2009,O,Y,20000034,S,MAIN,11/2/1967,M,N,6,1,1,TPD,8/17/2025,2/8/2026,0,0,0,0.1,2054763,"2,054,763","33,365",F,1293.98,CC,,42,A,N,,Y,2/12/2025,L,1.0,10,12/31/2025,,N,WLI_TPD_1,255.92,0,0,1.0,8/7/2009,8/17/2009,20000034-TPD,42.82
20000035-ADB,ABC ltd,Y,510379673,MAP,9/18/2014,O,Y,20000035,S,MAIN,6/20/2000,M,N,1,1,1,ADB,9/18/2025,4/20/2026,100,0,0,0.1,1593515,"1,593,515","5,432",F,212.92,CC,,14,,N,N,Y,,,,10,12/31/2025,1.0,N,MAP_F_1,32.28,0,0,1.0,9/5/2014,9/18/2014,20000035-ADB,14.41
20000036-DTH,ABC ltd,Z,510473406,WLI,1/17/2012,O,Y,20000036,S,MAIN,12/30/1979,M,N,1,1,1,DTH,1/17/2025,12/20/2025,0,0,0,0.1,1298572,"1,298,572","18,883",M,1573.12,DD,,32,,Y,,Y,,,1.0,10,12/31/2025,1.0,N,WLI_DTH_1,266.59,0,0,1.0,1/6/2012,1/17/2012,20000036-DTH,32.47
20000037-DTH,ABC ltd,Z,510425735,MTL,8/19/2009,O,Y,20000037,S,MAIN,8/22/1958,M,N,6,1,1,DTH,8/19/2025,6/30/2026,150,0,0,0.0,1688520,"1,688,520","27,532",F,1084.16,,,51,,N,,Y,2/17/2025,L,1.0,10,12/31/2025,1.0,N,MTL_DTH_1,209.43,0,0,1.0,8/18/2009,8/19/2009,20000037-DTH,51.19
20000038-ADB,ABC ltd,Y,510265275,MAP,11/11/2012,O,Y,20000038,S,MAIN,8/23/1964,M,N,6,1,1,ADB,11/11/2025,3/3/2026,50,0,0,0.0,1798643,"1,798,643","6,270",M,536.65,DD,,48,,N,,Y,9/3/2025,C,,10,12/31/2025,1.0,N,MAP_F_1,112.48,0,0,1.0,11/1/2012,11/11/2012,20000038-ADB,48.27
20000039-DTH,ABC ltd,Y,510953251,MTL,4/14/2015,O,Y,20000039,S,MAIN,6/6/1981,M,Y,6,1,1,DTH,4/14/2025,9/9/2025,0,0,0,0.1,1548493,"1,548,493","31,989",M,2630.0,DD,,34,,N,,Y,2/14/2025,L,1.0,10,12/31/2025,1.0,N,MTL_DTH_1,563.29,0,0,1.0,3/31/2015,4/14/2015,20000039-DTH,34.53
20000040-DTH,ABC ltd,Y,510287914,MTL,5/13/2015,O,Y,20000040,S,MAIN,2/21/2010,F,N,1,1,1,DTH,5/13/2025,5/17/2025,25,0,0,0.1,2210611,"2,210,611","37,900",M,3149.24,CC,,5,,N,,Y,,,1.0,10,12/31/2025,1.0,N,MTL_DTH_1,691.37,0,0,1.0,5/4/2015,5/13/2015,20000040-DTH,5.17
20000041-DTH,ABC ltd,Y,510461637,WLI,4/12/2012,O,Y,20000041,S,MAIN,2/18/1962,F,N,1,1,1,DTH,4/12/2025,12/13/2025,0,0,0,0.1,1355056,"1,355,056","29,532",M,2528.69,DD,,50,,N,,Y,,,1.0,10,12/31/2025,1.0,N,WLI_DTH_1,554.86,0,0,1.0,4/7/2012,4/12/2012,20000041-DTH,50.38
20000042-TRA,ABC ltd,Y,510907178,MTL,9/16/2008,O,Y,20000042,S,MAIN,9/15/1962,F,N,1,1,1,TRA,9/16/2025,5/22/2026,0,0,0,0.1,2674312,"2,674,312","105,990",M,8836.1,DD,Y,46,,N,,Y,,,1.0,10,12/31/2025,,N,MTL_TRA_1,1447.77,0,0,1.0,9/3/2008,9/16/2008,20000042-TRA,46.17
20000043-DTH,ABC ltd,Z,510539700,WLI,11/25/2008,O,Y,20000043,S,MAIN,9/30/1962,F,N,1,1,1,DTH,11/25/2025,12/21/2025,0,0,0,0.1,2385723,"2,385,723","56,362",F,2190.54,DD,,46,,N,,Y,,,1.0,10,12/31/2025,,N,WLI_DTH_1,422.15,0,0,1.0,11/19/2008,11/25/2008,20000043-DTH,46.34
20000044-TPD,ABC ltd,Y,510923949,WLI,3/11/2014,O,Y,20000044,S,MAIN,12/2/1981,M,N,1,1,1,TPD,3/11/2025,2/19/2026,0,0,0,0.1,1005047,"1,005,047","20,126",F,788.19,CC,,32,A,N,,Y,,,1.0,10,12/31/2025,,N,WLI_TPD_1,130.3,0,0,1.0,3/6/2014,3/11/2014,20000044-TPD,32.35
20000045-TRA,ABC ltd,Y,510224379,MTL,10/17/2013,O,Y,20000045,S,MAIN,1/18/1974,M,Y,6,1,1,TRA,10/17/2025,10/6/2025,350,0,0,0.0,8900000,"8,900,000","17,922",M,1495.2,CC,,40,,N,,Y,5/8/2025,L,1.0,10,12/31/2025,1.0,N,MTL_TRA_1,311.42,0,0,1.0,10/8/2013,10/17/2013,20000045-TRA,40.5
20000046-TRA,ABC ltd,Y,510395276,MTL,2/3/2012,O,Y,20000046,S,MAIN,12/21/1954,F,Y,1,1,1,TRA,2/3/2025,10/10/2025,0,0,0,0.1,2904157,"2,904,157","85,025",M,7094.19,DD,,57,,N,,Y,,,1.0,10,12/31/2025,,N,MTL_TRA_1,1462.09,0,0,1.0,1/30/2012,2/3/2012,20000046-TRA,57.84
20000047-DTH,ABC ltd,Y,510436879,MTL,1/7/2011,O,Y,20000047,S,MAIN,5/7/1982,M,N,1,1,1,DTH,1/7/2025,12/14/2024,50,0,0,0.1,1493200,"1,493,200","17,361",F,681.86,DD,,29,,N,,Y,,,1.0,10,12/31/2025,1.0,N,MTL_DTH_1,137.49,0,0,1.0,12/30/2010,1/7/2011,20000047-DTH,29.47
20000048-DTH,ABC ltd,Y,510955753,WLI,12/4/2008,O,Y,20000048,S,MAIN,10/4/1966,M,N,1,1,1,DTH,12/4/2025,11/10/2025,0,0,0,0.1,1376154,"1,376,154","19,481",F,749.21,,,42,,N,,Y,,,1.0,10,12/31/2025,1.0,N,WLI_DTH_1,123.96,0,0,1.0,11/21/2008,12/4/2008,20000048-DTH,42.56
20000049-TPD,ABC ltd,Y,510486705,MTL,1/26/2011,O,Y,20000049,S,MAIN,1/2/1975,F,N,1,1,1,TPD,1/26/2025,5/4/2025,0,0,0,0.1,1594155,"1,594,155","20,684",F,812.51,CC,,36,,N,,Y,,,,10,12/31/2025,1.0,N,MTL_TPD_1,133.95,0,0,1.0,1/14/2011,1/26/2011,20000049-TPD,36.47
20000050-DTH,ABC ltd,Y,510525630,WLI,6/16/2015,O,Y,20000050,S,MAIN,6/25/1948,F,N,1,1,1,DTH,6/16/2025,7/9/2025,0,0,0,0.1,1021257,"1,021,257","15,169",M,1251.88,DD,,67,,N,,Y,,,1.0,10,12/31/2025,,N,WLI_DTH_1,241.28,0,0,,6/11/2015,6/16/2015,20000050-DTH,67.14
20000051-DTH,ABC ltd,Y,510290491,MTL,11/26/2008,O,Y,20000051,S,MAIN,9/27/1982,M,N,6,1,1,DTH,11/26/2025,11/9/2025,25,0,0,0.0,2131164,"2,131,164","61,676",M,5139.99,DD,,26,,Y,,Y,10/3/2025,C,1.0,10,12/31/2025,1.0,N,MTL_DTH_1,914.03,0,0,1.0,11/12/2008,11/26/2008,20000051-DTH,26.22
20000052-DTH,ABC ltd,Y,510633515,WLI,5/12/2013,O,Y,20000052,S,MAIN,5/30/1950,F,N,1,1,1,DTH,5/12/2025,2/16/2026,0,0,0,0.1,1355195,"1,355,195","37,660",M,3127.23,DD,,63,,N,,Y,,,1.0,10,12/31/2025,1.0,N,WLI_DTH_1,489.8,0,0,1.0,4/30/2013,5/12/2013,20000052-DTH,63.56
20000053-TRA,ABC ltd,Z,510669278,MTL,12/5/2015,O,Y,20000053,S,MAIN,11/12/1984,M,N,1,1,1,TRA,12/5/2025,11/19/2025,0,0,0,0.1,3958872,"3,958,872","194,118",M,16600.24,CC,,31,,N,Y,Y,,,1.0,10,12/31/2025,1.0,N,MTL_TRA_1,3066.88,0,0,1.0,11/21/2015,12/5/2015,20000053-TRA,31.84
20000054-DTH,ABC ltd,Z,510245209,MTL,6/21/2012,O,Y,20000054,S,MAIN,9/14/1976,F,N,1,1,1,DTH,6/21/2025,11/19/2025,50,0,0,0.1,1958796,"1,958,796","55,585",F,2186.59,DD,,36,,N,,Y,,,1.0,10,12/31/2025,1.0,N,MTL_DTH_1,420.93,0,0,1.0,6/13/2012,6/21/2012,20000054-DTH,36.16
20000055-TRA,ABC ltd,Y,510447889,MTL,9/24/2014,O,Y,20000055,S,MAIN,1/7/1966,M,N,1,1,1,TRA,9/24/2025,8/5/2025,0,0,0,0.0,2090603,"2,090,603","70,779",F,2690.06,CC,,49,,N,,Y,,,1.0,10,12/31/2025,,N,MTL_TRA_1,468.31,0,0,1.0,9/22/2014,9/24/2014,20000055-TRA,49.78
20000056-CCP,ABC ltd,Y,510762014,WLI,11/18/2007,O,Y,20000056,S,MAIN,12/22/1937,M,N,1,1,1,CCP,11/18/2025,3/20/2026,0,0,0,0.1,2150964,"2,150,964","4,008",M,343.91,,,70,,Y,Y,Y,,,,10,12/31/2025,1.0,N,WLI_CCP_0,53.03,0,0,1.0,11/6/2007,11/18/2007,20000056-CCP,70.87
20000057-TPD,ABC ltd,Z,510965407,WLI,12/8/2008,O,Y,20000057,S,MAIN,1/24/1956,M,N,3,1,1,TPD,12/8/2025,9/10/2026,50,0,0,0.1,5000000,"5,000,000",25,M,0.96,CC,,53,,N,,Y,3/4/2025,L,1.0,10,12/31/2025,1.0,N,WLI_TPD_1,705.84,0,0,1.0,11/25/2008,12/8/2008,20000057-TPD,53.38
20000058-DTH,ABC ltd,Y,510612608,MTL,6/6/2013,O,Y,20000058,S,MAIN,2/24/1967,M,N,1,1,1,DTH,6/6/2025,3/27/2026,100,0,0,0.1,1261399,"1,261,399","17,451",M,1496.11,DD,,46,,N,Y,Y,,,1.0,10,12/31/2025,,N,MTL_DTH_1,244.85,0,0,1.0,5/28/2013,6/6/2013,20000058-DTH,46.23
20000059-ADB,ABC ltd,Y,510091488,MAP,12/4/2012,O,Y,20000059,S,MAIN,1/11/1992,F,N,1,1,1,ADB,12/4/2025,11/21/2025,0,0,0,0.1,5793454,"5,793,454","15,314",F,588.36,CC,,21,,N,,Y,,,1.0,10,12/31/2025,,N,MAP_F_1,117.99,0,0,1.0,11/22/2012,12/4/2012,20000059-ADB,21.5
20000060-TPD,ABC ltd,Z,510719926,MTL,2/14/2011,O,Y,20000060,S,MAIN,2/11/2006,M,N,1,1,1,TPD,2/14/2025,7/7/2025,150,0,0,0.1,1179492,"1,179,492","10,075",F,384.17,CC,,5,A,Y,,Y,,,1.0,10,12/31/2025,,N,MTL_TPD_1,69.14,0,0,1.0,2/5/2011,2/14/2011,20000060-TPD,5.36
20000061-TRA,ABC ltd,Z,510563663,MTL,8/12/2013,O,Y,20000061,S,MAIN,7/14/1983,F,Y,1,1,1,TRA,8/12/2025,5/24/2026,0,0,0,0.1,1738059,"1,738,059","73,784",M,6091.94,CC,,30,,N,,Y,,,1.0,10,12/31/2025,1.0,N,MTL_TRA_1,979.64,0,0,1.0,8/11/2013,8/12/2013,20000061-TRA,30.84
20000062-TRA,ABC ltd,Y,510439931,MTL,10/13/2013,O,Y,20000062,S,MAIN,8/2/1960,M,N,1,1,1,TRA,10/13/2025,10/15/2025,0,0,0,0.1,1875613,"1,875,613","54,322",M,4560.84,CC,,53,,N,,Y,,,1.0,10,12/31/2025,1.0,N,MTL_TRA_1,799.32,0,0,1.0,10/1/2013,10/13/2013,20000062-TRA,53.27
20000063-TRA,ABC ltd,Y,510504775,MTL,1/12/2009,O,Y,20000063,S,MAIN,11/26/1966,M,N,1,1,1,TRA,1/12/2025,3/21/2025,50,0,0,0.1,566669,"566,669","15,120",F,596.95,CC,,42,,N,,Y,,,1.0,10,12/31/2025,1.0,N,MTL_TRA_1,92.93,0,0,1.0,1/1/2009,1/12/2009,20000063-TRA,42.42
20000064-TPD,ABC ltd,Y,510847988,WLI,3/6/2013,O,Y,20000064,S,MAIN,12/26/1944,F,N,1,1,1,TPD,3/6/2025,2/3/2025,0,0,0,0.1,1019163,"1,019,163","19,057",F,729.82,DD,,68,,N,,Y,,,,10,12/31/2025,1.0,N,WLI_TPD_1,112.43,0,0,1.0,3/6/2013,3/6/2013,20000064-TPD,68.22
20000065-DTH,ABC ltd,Y,510738141,WLI,10/4/2014,O,Y,20000065,S,MAIN,11/22/1978,M,N,1,1,1,DTH,10/4/2025,5/20/2026,0,0,0,0.1,904720,"904,720","13,783",M,1181.0,DD,,36,,N,,Y,,,1.0,10,12/31/2025,,N,WLI_DTH_1,177.51,0,0,1.0,9/22/2014,10/4/2014,20000065-DTH,36.24
20000066-TPD,ABC ltd,Y,510189647,WLI,9/5/2010,O,Y,20000066,S,MAIN,10/6/1970,F,N,1,1,1,TPD,9/5/2025,10/15/2025,150,0,0,0.1,988942,"988,942","12,724",M,1084.82,CC,,40,A,N,,Y,,,1.0,10,12/31/2025,1.0,N,WLI_TPD_1,170.15,0,0,1.0,8/30/2010,9/5/2010,20000066-TPD,40.31
20000067-TRA,ABC ltd,Z,510255473,MTL,4/17/2012,O,Y,20000067,S,MAIN,6/12/1975,M,Y,1,1,1,TRA,4/17/2025,4/7/2025,0,0,0,0.0,1775101,"1,775,101","86,943",M,7181.74,,,37,,N,,Y,,,,10,12/31/2025,1.0,N,MTL_TRA_1,1505.08,0,0,1.0,4/5/2012,4/17/2012,20000067-TRA,37.33
20000068-TPD,ABC ltd,Z,510857837,WLI,2/26/2013,O,Y,20000068,S,MAIN,6/1/1968,F,N,1,1,1,TPD,2/26/2025,11/2/2025,0,0,0,0.0,2904405,"2,904,405","54,446",M,4615.38,,,45,,N,,Y,,,1.0,10,12/31/2025,1.0,N,WLI_TPD_1,987.33,0,0,1.0,2/21/2013,2/26/2013,20000068-TPD,45.52
20000069-DTH,ABC ltd,Y,510250253,MTL,12/5/2014,O,Y,20000069,S,MAIN,8/12/1963,F,Y,6,1,1,DTH,12/5/2025,3/21/2026,25,0,0,0.1,1606670,"1,606,670","31,379",F,1188.41,DD,,51,,Y,,Y,2/15/2025,P,1.0,10,12/31/2025,,N,MTL_DTH_1,228.7,0,0,1.0,11/24/2014,12/5/2014,20000069-DTH,51.25
20000070-TRA,ABC ltd,Y,510410124,MTL,6/10/2012,O,Y,20000070,S,MAIN,3/27/1979,M,N,1,1,1,TRA,6/10/2025,4/13/2026,50,0,0,0.1,1948382,"1,948,382","61,837",F,2336.83,CC,,33,,Y,,Y,,,1.0,10,12/31/2025,,N,MTL_TRA_1,388.27,0,0,1.0,5/30/2012,6/10/2012,20000070-TRA,33.62
20000071-TRA,ABC ltd,Y,510921974,MTL,1/18/2011,O,Y,20000071,S,MAIN,3/5/1975,F,N,6,1,1,TRA,1/18/2025,2/12/2025,0,0,0,0.0,1553412,"1,553,412","69,624",M,5853.81,DD,,36,,N,N,Y,3/25/2025,L,1.0,10,12/31/2025,1.0,N,MTL_TRA_1,1283.67,0,0,1.0,1/7/2011,1/18/2011,20000071-TRA,36.75
20000072-TPD,ABC ltd,Y,510881665,WLI,12/20/2014,O,Y,20000072,S,MAIN,1/11/1976,M,N,1,1,1,TPD,12/20/2025,4/29/2026,0,0,0,0.1,2811368,"2,811,368","38,213",M,3247.56,DD,,39,,N,,Y,,,1.0,10,12/31/2025,,N,WLI_TPD_1,536.38,0,0,1.0,12/9/2014,12/20/2014,20000072-TPD,39.56
20000073-DTH,ABC ltd,Y,510693846,MTL,8/25/2008,O,Y,20000073,S,MAIN,11/22/1938,F,N,1,1,1,DTH,8/25/2025,11/12/2025,0,0,0,0.1,1108430,"1,108,430","25,811",M,2155.95,DD,,70,,N,,Y,,,1.0,10,12/31/2025,1.0,N,MTL_DTH_1,438.15,0,0,1.0,8/15/2008,8/25/2008,20000073-DTH,70.49
20000074-TPD,ABC ltd,Y,510709764,WLI,5/14/2012,O,Y,20000074,S,MAIN,4/4/1960,F,N,1,1,1,TPD,5/14/2025,10/5/2025,0,0,0,0.0,989801,"989,801","13,776",M,1180.27,DD,,52,,N,,Y,,,,10,12/31/2025,1.0,N,WLI_TPD_1,189.79,0,0,1.0,5/14/2012,5/14/2012,20000074-TPD,52.34
20000075-TPD,ABC ltd,Z,510756336,MTL,11/26/2009,O,Y,20000075,S,MAIN,11/26/1992,M,N,1,1,1,TPD,11/26/2025,12/2/2025,0,0,0,0.1,2883578,"2,883,578","58,494",M,4846.93,DD,,17,,Y,,Y,,,1.0,10,12/31/2025,,N,MTL_TPD_1,796.21,0,0,1.0,11/12/2009,11/26/2009,20000075-TPD,17.94
20000076-CCP,ABC ltd,Y,510547735,WLI,4/2/2015,O,Y,20000076,S,MAIN,5/15/1964,M,Y,1,1,1,CCP,4/2/2025,10/29/2025,0,0,0,0.0,2337056,"2,337,056","7,515",F,289.16,CC,,51,,N,,Y,,,1.0,10,12/31/2025,1.0,N,WLI_CCP_0,58.74,0,0,1.0,4/1/2015,4/2/2015,20000076-CCP,51.64
20000077-DTH,ABC ltd,Y,510012005,MTL,10/1/2007,O,Y,20000077,S,MAIN,1/24/1975,F,N,3,1,1,DTH,10/1/2025,7/28/2026,0,0,0,0.1,2110627,"2,110,627","46,261",M,3863.34,DD,Y,33,,N,N,Y,8/25/2025,P,1.0,10,12/31/2025,,N,MTL_DTH_1,775.52,0,0,1.0,9/23/2007,10/1/2007,20000077-DTH,33.48
20000078-DTH,ABC ltd,Y,510864902,MTL,6/20/2009,O,Y,20000078,S,MAIN,7/24/1949,F,N,1,1,1,DTH,6/20/2025,4/28/2025,0,0,0,0.1,563429,"563,429","12,729",F,498.8,CC,,60,,N,,Y,,,1.0,10,12/31/2025,,N,MTL_DTH_1,89.27,0,0,,6/17/2009,6/20/2009,20000078-DTH,60.23
20000079-CCP,ABC ltd,Y,510615121,WLI,7/1/2007,O,Y,20000079,S,MAIN,4/3/1981,F,Y,3,3,1,CCP,7/1/2025,3/22/2026,0,0,0,0.1,1312873,"1,312,873","5,735",F,222.23,DD,,26,,N,,Y,1/17/2025,L,1.0,10,12/31/2025,1.0,N,WLI_CCP_0,46.54,0,0,1.0,6/18/2007,7/1/2007,20000079-CCP,26.71
20000080-DTH,ABC ltd,Y,510451430,WLI,8/26/2008,O,Y,20000080,S,MAIN,8/21/1972,F,N,1,1,1,DTH,8/26/2025,5/5/2026,100,0,0,0.1,809024,"809,024","21,416",M,1824.98,DD,,36,,N,,Y,,,1.0,10,12/31/2025,1.0,N,WLI_DTH_1,317.15,0,0,1.0,8/25/2008,8/26/2008,20000080-DTH,36.31
20000081-DTH,ABC ltd,Y,510651143,MTL,6/22/2007,O,Y,20000081,S,MAIN,3/6/1979,F,N,1,1,1,DTH,6/22/2025,8/7/2025,0,0,0,0.1,1231582,"1,231,582","33,168",M,2728.29,DD,,28,,N,,Y,,,1.0,10,12/31/2025,1.0,N,MTL_DTH_1,462.65,0,0,1.0,6/18/2007,6/22/2007,20000081-DTH,28.15
20000082-DTH,ABC ltd,Y,510247874,WLI,10/22/2009,O,Y,20000082,S,MAIN,2/18/1966,M,N,1,1,1,DTH,10/22/2025,1/30/2026,0,0,0,0.1,1479928,"1,479,928","32,089",M,2689.48,DD,,44,,Y,Y,Y,,,1.0,10,12/31/2025,,N,WLI_DTH_1,551.69,0,0,,10/11/2009,10/22/2009,20000082-DTH,44.09
20000083-DTH,ABC ltd,Y,510453054,WLI,12/6/2007,O,Y,20000083,S,MAIN,4/2/1985,F,N,1,1,1,DTH,12/6/2025,11/9/2025,0,0,0,0.1,3268919,"3,268,919","55,016",M,4717.17,DD,,23,,N,,Y,,,1.0,10,12/31/2025,,N,WLI_DTH_1,1014.7,0,0,1.0,11/23/2007,12/6/2007,20000083-DTH,23.82
20000084-DTH,ABC ltd,Y,510304161,WLI,4/15/2009,O,Y,20000084,S,MAIN,1/7/1965,M,N,1,1,1,DTH,4/15/2025,4/5/2026,0,0,0,0.1,1295919,"1,295,919","21,285",M,1773.03,DD,,44,,N,,Y,,,,10,12/31/2025,1.0,N,WLI_DTH_1,310.8,0,0,1.0,4/5/2009,4/15/2009,20000084-DTH,44.86
20000085-DTH,ABC ltd,Z,510348327,WLI,3/19/2015,O,Y,20000085,S,MAIN,1/19/1958,M,N,6,1,1,DTH,3/19/2025,6/13/2025,0,0,0,0.35,2342778,"2,342,778","65,279",F,2549.69,CC,,57,,N,N,Y,2/14/2025,C,1.0,10,12/31/2025,1.0,N,WLI_DTH_1,429.67,0,0,1.0,3/19/2015,3/19/2015,20000085-DTH,57.3
20000086-DTH,ABC ltd,Y,510479446,MTL,5/27/2010,O,Y,20000086,S,MAIN,7/5/1969,M,N,6,1,1,DTH,5/27/2025,8/20/2025,0,0,0,0.1,2126810,"2,126,810","24,359",M,2066.12,,,41,,N,,Y,4/2/2025,C,1.0,10,12/31/2025,1.0,N,MTL_DTH_1,420.83,0,0,,5/14/2010,5/27/2010,20000086-DTH,41.13
20000087-CCP,ABC ltd,Y,510049227,WLI,2/1/2013,O,Y,20000087,S,MAIN,12/23/1980,M,N,1,1,1,CCP,2/1/2025,10/26/2025,0,0,0,0.1,1282734,"1,282,734","4,483",F,169.82,DD,,32,,N,,Y,,,1.0,10,12/31/2025,1.0,N,WLI_CCP_0,36.1,0,0,1.0,1/19/2013,2/1/2013,20000087-CCP,32.43
20000088-DTH,ABC ltd,Z,510824087,MTL,7/15/2012,O,Y,20000088,S,MAIN,8/6/1942,F,N,1,1,1,DTH,7/15/2025,12/7/2025,0,0,0,0.0,1794146,"1,794,146","51,054",F,2019.34,,,70,,N,,Y,,,1.0,10,12/31/2025,1.0,N,MTL_DTH_1,319.18,0,0,1.0,7/10/2012,7/15/2012,20000088-DTH,70.78
20000089-DTH,ABC ltd,Z,510257933,WLI,5/4/2011,O,Y,20000089,S,MAIN,5/29/1960,F,N,1,1,1,DTH,5/4/2025,4/7/2026,0,0,0,0.0,1923202,"1,923,202","27,593",M,2320.99,CC,,51,,Y,,Y,,,1.0,10,12/31/2025,,N,WLI_DTH_1,362.41,0,0,,4/27/2011,5/4/2011,20000089-DTH,51.33
20000090-DTH,ABC ltd,Y,510705566,WLI,11/24/2011,O,Y,20000090,S,MAIN,1/23/1986,M,N,1,1,1,DTH,11/24/2025,4/15/2026,100,0,0,0.1,2247635,"2,247,635","26,291",F,1008.11,CC,,26,,N,N,Y,,,1.0,10,12/31/2025,1.0,N,WLI_DTH_1,189.12,0,0,1.0,11/16/2011,11/24/2011,20000090-DTH,26.4
20000091-DTH,ABC ltd,Y,510059659,MTL,3/10/2009,O,Y,20000091,S,MAIN,1/24/1970,F,N,6,1,1,DTH,3/10/2025,8/23/2025,0,0,0,0.1,1542424,"1,542,424","27,485",F,1087.04,CC,,39,,Y,,Y,11/22/2025,C,1.0,10,12/31/2025,1.0,N,MTL_DTH_1,172.69,0,0,1.0,2/26/2009,3/10/2009,20000091-DTH,39.62
20000092-TPD,ABC ltd,Z,510275822,WLI,1/1/2013,O,Y,20000092,S,MAIN,4/9/1986,M,N,1,1,1,TPD,1/1/2025,6/26/2025,-50,0,0,0.1,2337853,"2,337,853","43,344",F,1668.76,DD,,27,,N,,Y,,,1.0,10,12/31/2025,1.0,N,WLI_TPD_1,333.04,0,0,1.0,12/28/2012,1/1/2013,20000092-TPD,27.09
20000093-TRA,ABC ltd,Y,510004017,MTL,12/26/2007,O,Y,20000093,S,MAIN,2/9/1951,F,N,1,1,1,TRA,12/26/2025,9/13/2026,0,0,0,0.1,2464423,"2,464,423","85,171",M,7070.84,CC,,57,,Y,Y,Y,,,1.0,10,12/31/2025,1.0,N,MTL_TRA_1,1202.91,0,0,1.0,12/24/2007,12/26/2007,20000093-TRA,57.88
20000094-DTH,ABC ltd,Y,510653772,WLI,4/11/2009,O,Y,20000094,S,MAIN,12/17/1955,M,N,3,1,1,DTH,4/11/2025,6/30/2025,0,0,0,0.1,4797199,"4,797,199","102,302",M,8602.08,DD,,53,,N,,Y,3/9/2025,P,1.0,10,12/31/2025,1.0,N,WLI_DTH_1,1331.94,0,0,1.0,4/10/2009,4/11/2009,20000094-DTH,53.11
20000095-ADB,ABC ltd,Y,510099156,MAP,11/2/2014,O,Y,20000095,S,MAIN,10/23/1976,F,N,1,1,1,ADB,11/2/2025,8/31/2026,150,0,0,0.0,372006,"372,006","1,086",M,92.29,CC,,38,,N,Y,Y,,,1.0,10,12/31/2025,1.0,N,MAP_F_1,18.27,0,0,1.0,10/20/2014,11/2/2014,20000095-ADB,38.52
20000096-DTH,ABC ltd,Y,510872231,MTL,5/2/2014,O,Y,20000096,S,MAIN,7/26/1972,M,N,1,1,1,DTH,5/2/2025,2/8/2026,0,0,0,0.0,3815583,"3,815,583","51,159",F,2011.7,DD,,42,,N,,Y,,,1.0,10,12/31/2025,1.0,N,MTL_DTH_1,311.87,0,0,1.0,4/24/2014,5/2/2014,20000096-DTH,42.59
20000097-CCP,ABC ltd,Y,510596848,WLI,2/11/2011,O,Y,20000097,S,MAIN,1/29/1978,M,N,1,1,1,CCP,2/11/2025,8/30/2025,0,0,0,0.1,2250000,"1,800,000","9,401",F,368.91,DD,,33,,Y,,Y,,,1.0,10,12/31/2025,1.0,N,WLI_CCP_0,69.22,0,0,1.0,1/28/2011,2/11/2011,20000097-CCP,33.11
20000098-CCP,ABC ltd,Y,510191352,WLI,10/23/2013,O,Y,20000098,S,MAIN,1/29/1976,F,N,3,3,1,CCP,10/23/2025,10/28/2025,0,0,0,0.1,444431,"444,431",870,F,33.85,CC,,38,,N,,Y,11/25/2025,L,,10,12/31/2025,1.0,N,WLI_CCP_0,6.87,0,0,1.0,10/14/2013,10/23/2013,20000098-CCP,38.54
20000099-TPD,ABC ltd,Y,510657675,WLI,7/21/2014,O,Y,20000099,S,MAIN,7/2/1975,F,N,1,1,1,TPD,7/21/2025,10/15/2025,0,0,0,0.1,2914601,"2,914,601","46,002",F,1789.19,CC,,39,,N,,Y,,,1.0,10,12/31/2025,,N,WLI_TPD_1,296.15,0,0,1.0,7/7/2014,7/21/2014,20000099-TPD,39.35
20000100-DTH,ABC ltd,Y,510801603,WLI,4/10/2014,O,Y,20000100,S,MAIN,5/21/1976,F,N,1,1,1,DTH,4/10/2025,3/2/2025,0,0,0,0.1,1797044,"1,797,044","26,011",M,2226.56,CC,,38,,N,,Y,,,,10,12/31/2025,1.0,N,WLI_DTH_1,428.85,0,0,1.0,3/29/2014,4/10/2014,20000100-DTH,38.88
